{
  "project_info": {
    "project_number": "834672073775",
    "project_id": "papahouseadmin",
    "storage_bucket": "papahouseadmin.firebasestorage.app"
  },
  "client": [
    {
      "client_info": {
        "mobilesdk_app_id": "1:834672073775:android:36d8388f07170315e3fada",
        "android_client_info": {
          "package_name": "com.example.papahouseadmin"
        }
      },
      "oauth_client": [],
      "api_key": [
        {
          "current_key": "AIzaSyCQaoalSym86TGdwncu1AlzrM_yk7t1CDI"
        }
      ],
      "services": {
        "appinvite_service": {
          "other_platform_oauth_client": []
        }
      }
    },
    {
      "client_info": {
        "mobilesdk_app_id": "1:834672073775:android:44da8f1354cdeae9e3fada",
        "android_client_info": {
          "package_name": "com.papahouse.customer"
        }
      },
      "oauth_client": [],
      "api_key": [
        {
          "current_key": "AIzaSyCQaoalSym86TGdwncu1AlzrM_yk7t1CDI"
        }
      ],
      "services": {
        "appinvite_service": {
          "other_platform_oauth_client": []
        }
      }
    }
  ],
  "configuration_version": "1"
}